{
    "80": {
        "http": {
            "get": {
                "headers": {
                    "content_length": "2424", 
                    "unknown": [
                        {
                            "value": "avoid browser bug", 
                            "key": "x_pad"
                        }
                    ], 
                    "vary": "Accept-Encoding", 
                    "server": "Apache/2.2.22 (Debian)", 
                    "last_modified": "Sun, 16 Nov 2014 08:03:56 GMT", 
                    "content_type": "text/html", 
                    "accept_ranges": "bytes"
                }, 
                "status_code": 200, 
                "title": " ineso.ddns.net - Home ", 
                "status_line": "HTTP/1.1 200 OK", 
                "body_sha256": "KRCroZI+hAnhYZD1Nx8XvZuoEUxpwJAiBoGAVcZGSq4="
            }
        }
    }
}
