{
  "80": {
    "http": {
      "get": {
        "body": "<!DOCTYPE html PUBLIC \"-//W3C//DTD XHTML 1.0 Transitional//EN\" \"http://www.w3.org/TR/xhtml1/DTD/xhtml1-transitional.dtd\">\r\n<html xmlns=\"http://www.w3.org/1999/xhtml\">\r\n<head>\r\n<meta http-equiv=\"content-type\" content=\"text/html; charset=utf-8\" />\r\n<meta http-equiv=\"content-script-type\" content=\"text/javascript\" />\r\n<meta http-equiv=\"content-style-type\" content=\"text/css\" />\r\n<meta http-equiv=\"pragma\" content=\"no-cache\" />\r\n<meta http-equiv=\"cache-control\" content=\"no-cache,no-store,max-age=0\" />\r\n<meta http-equiv=\"expires\" content=\"Thu, 01 Jan 1970 00:00:00 GMT\" />\r\n<link rel=\"shortcut icon\" type=\"image/x-icon\" href=\"/media/favicon.ico\" />\r\n<link rel=\"icon\" type=\"image/x-icon\" href=\"/media/favicon.ico\" />\r\n<link rel=\"stylesheet\" type=\"text/css\" media=\"all\" href=\"/css/common.css\" />\r\n<link rel=\"stylesheet\" type=\"text/css\" media=\"all\" href=\"/css/login.css\" />\r\n<link rel=\"stylesheet\" type=\"text/css\" media=\"all\" href=\"/css/en.css\" />\r\n\r\n<script type=\"text/javascript\" src=\"/js/rui.js\"></script>\r\n<script language=\"javascript\">\r\n<!--\r\nfunction unloadFunc(e){}\r\nregistEvent(window,\"unload\",unloadFunc);\r\n// -->\r\n</script>\r\n<script language=\"javascript\">\r\n<!--\r\nfunction validate(e){\r\nbuttonDisabled();\r\ndocument.forms[0].submit();\r\nreturn true;\r\n}\r\nfunction changeMode(obj){\r\nif(obj.name==\"i0012\" || obj.name==\"i0016\"){\r\ndocument.forms[0].i0012A.checked=true;\r\ndocument.forms[0].i0017A.checked=false;\r\n}\r\nelse{\r\ndocument.forms[0].i0012A.checked=false;\r\ndocument.forms[0].i0017A.checked=true;\r\n}\r\n}\r\nfunction initControls(e){\r\nvar errCd = getQueryValue(\"err\", \"\");\r\nif(errCd == \"1\"){\r\nalert(\"The authentication information is incorrect.\\nEnter the information again.\");\r\ndocument.location=\"/\";\r\n}\r\nregistEvent($I(\"submitButton\"),\"click\",validate);\r\n}\r\nregistEvent(window,\"load\",initControls);\r\n// -->\r\n</script>\r\n<title>Remote UI: Login: LBP6230dn: LBP6230dn</title>\r\n</head>\r\n<body>\r\n<div id=\"container\">\r\n<div id=\"loginWindow\">\r\n<div id=\"loginHeader\">\r\n<div id=\"corporateBranding\">\r\n<img src=\"/media/canonlogo.gif\" alt=\"\" title=\"\" />\r\n</div>\r\n<div id=\"windowTitle\">\r\n<h1>Login</h1>\r\n<p id=\"deviceType\">\r\n<span id=\"deviceName\">LBP6230dn / LBP6230dn / </span>\r\n</p>\r\n</div>\r\n<hr />\r\n</div>\r\n<form name=\"loginFrm\" action=\"/checkLogin.cgi\" autocomplete=\"off\" method=\"post\" onsubmit=\"return false;\">\r\n\r\n<input type=\"hidden\" name=\"iToken\" id=\"iToken\" value=\"\" />\r\n\r\n<div id=\"login_contentsArea\">\r\n<div id=\"loginContentsWrapper\">\r\n<div id=\"loginContents\">\r\n<div class=\"LoginModule\">\r\n<table class=\"PropertyListComponent\">\r\n<tbody>\r\n\r\n<tr>\r\n<th colspan=\"2\"><input type=\"radio\" name=\"i0012\" id=\"i0012A\" value=\"1\" onclick=\"changeMode(this)\" /><label for=\"i0012A\">System Manager Mode</label><br />\r\n</th>\r\n</tr>\r\n<tr class=\"Sub\">\r\n<th>System Manager PIN:</th>\r\n<td><input type=\"password\" name=\"i0016\" id=\"i0016\" class=\"Size_shortest\" value=\"\" maxlength=\"7\" onfocus=\"changeMode(this)\" autocomplete=\"off\" />\r\n</td>\r\n</tr>\r\n<tr>\r\n<th colspan=\"2\"><input type=\"radio\" name=\"i0017\" id=\"i0017A\" value=\"2\" checked='checked' onclick=\"changeMode(this)\" /><label for=\"i0017A\">End-User Mode</label><br />\r\n</th>\r\n</tr>\r\n\r\n<!--\r\n<tr>\r\n<th></th>\r\n<td></td>\r\n</tr>\r\n<tr>\r\n<th></th>\r\n<td></td>\r\n</tr>\r\n-->\r\n</tbody>\r\n</table>\r\n</div>\r\n<div class=\"LoginOperation\">\r\n<fieldset>\r\n<input type=\"button\" id=\"submitButton\" class=\"ButtonEnable\" value=\"Log In\" />\r\n</fieldset>\r\n</div>\r\n</div>\r\n</div>\r\n</div>\r\n</form>\r\n<hr />\r\n<div id=\"applicationInfo\">\r\n<address class=\"SiteInforLegal\">Copyright CANON INC. 2013</address>\r\n</div>\r\n</div>\r\n</div>\r\n</body>\r\n</html>\r\n",
        "headers": {
          "content_length": "3538",
          "pragma": "no-cache",
          "expires": "Thu,01 Jan 1970 00:00:00 GMT",
          "content_type": "text/html;charset=UTF-8",
          "accept_ranges": "bytes",
          "cache_control": "no-store, no-cache, max-age=0"
        },
        "status_code": 200,
        "title": "Remote UI: Login: LBP6230dn: LBP6230dn",
        "status_line": "200 OK",
        "body_sha256": "s1jmNWLtm98saJbjcRLE2zHIzMNketH6F1+SGviaDxA=",
        "metadata": {}
      }
    }
  }
}
