{
    "22": {
        "ssh": {
            "v2": {
				"banner":{
                  "raw": "SSH-1.5-Cisco-1.25",
                  "version": "1.5",
                  "software": "Cisco-1.25"
				},
                "metadata": {}
            }
        }
    },
    "443": {
        "https": {
            "tls": {
                "certificate": {
                    "parsed": {
                        "fingerprint_sha1": "1b43dbe5d7c6683c41c1fd8777eb2a5349767fd2",
                        "subject_dn": "CN=CISCO., unstructuredName=CISCO.",
                        "issuer": {
                            "common_name": [
                                "CISCO."
                            ]
                        },
                        "signature": {
                            "self_signed": true,
                            "valid": false,
                            "value": "mMsX99GxBN555Fiu0f34VH8g+B2NQfInW/3z4XgG5ECCIIOK+qSpDHyGBkYywoUG6Gqq5ZpROcXevZNtP7pz3NLirUEBY/Y9uNCbeKvFqj6vfJ+siaRdIpxF1s43iY/e",
                            "signature_algorithm": {
                                "oid": "1.2.840.113549.1.1.4",
                                "name": "MD5WithRSA"
                            }
                        },
                        "validity": {
                            "start": "1993-04-10T17:00:49Z",
                            "end": "2003-04-08T17:00:49Z"
                        },
                        "issuer_dn": "CN=CISCO., unstructuredName=CISCO.",
                        "fingerprint_sha256": "26917c533b12ffc9f1e72d526a7503f2c479cd3718e6db9c8b681ebe28f90c14",
                        "version": 2,
                        "extensions": {
                            "certificate_policies": []
                        },
                        "signature_algorithm": {
                            "oid": "1.2.840.113549.1.1.4",
                            "name": "MD5WithRSA"
                        },
                        "serial_number": "0",
                        "fingerprint_md5": "6a7b0baff8cb781dc5122892cb25048f",
                        "subject_key_info": {
                            "key_algorithm": {
                                "oid": "",
                                "name": "RSA"
                            },
                            "rsa_public_key": {
                                "length": 768,
                                "modulus": "yMQyyqoSRDI+fbmtsQhskxeeBaqpX0/Mj1SzaYyizN2H4x7vNnx+GtAth4GfQEl3pV7wah6lTH9EJFA72JCZdnf2Pm7doSaHC63WO4yeOn/qQq4/+N+gCOPPlbsp28mf",
                                "exponent": 65537
                            }
                        },
                        "subject": {
                            "common_name": [
                                "CISCO."
                            ]
                        }
                    }
                },
                "chain": [
                    {
                        "parsed": {
                            "fingerprint_sha1": "1b43dbe5d7c6683c41c1fd8777eb2a5349767fd2",
                            "subject_dn": "CN=CISCO., unstructuredName=CISCO.",
                            "issuer": {
                                "common_name": [
                                    "CISCO."
                                ]
                            },
                            "signature": {
                                "self_signed": true,
                                "valid": false,
                                "value": "mMsX99GxBN555Fiu0f34VH8g+B2NQfInW/3z4XgG5ECCIIOK+qSpDHyGBkYywoUG6Gqq5ZpROcXevZNtP7pz3NLirUEBY/Y9uNCbeKvFqj6vfJ+siaRdIpxF1s43iY/e",
                                "signature_algorithm": {
                                    "oid": "1.2.840.113549.1.1.4",
                                    "name": "MD5WithRSA"
                                }
                            },
                            "validity": {
                                "start": "1993-04-10T17:00:49Z",
                                "end": "2003-04-08T17:00:49Z"
                            },
                            "issuer_dn": "CN=CISCO., unstructuredName=CISCO.",
                            "fingerprint_sha256": "26917c533b12ffc9f1e72d526a7503f2c479cd3718e6db9c8b681ebe28f90c14",
                            "version": 2,
                            "extensions": {
                                "certificate_policies": []
                            },
                            "signature_algorithm": {
                                "oid": "1.2.840.113549.1.1.4",
                                "name": "MD5WithRSA"
                            },
                            "serial_number": "0",
                            "fingerprint_md5": "6a7b0baff8cb781dc5122892cb25048f",
                            "subject_key_info": {
                                "key_algorithm": {
                                    "oid": "",
                                    "name": "RSA"
                                },
                                "rsa_public_key": {
                                    "length": 768,
                                    "modulus": "yMQyyqoSRDI+fbmtsQhskxeeBaqpX0/Mj1SzaYyizN2H4x7vNnx+GtAth4GfQEl3pV7wah6lTH9EJFA72JCZdnf2Pm7doSaHC63WO4yeOn/qQq4/+N+gCOPPlbsp28mf",
                                    "exponent": 65537
                                }
                            },
                            "subject": {
                                "common_name": [
                                    "CISCO."
                                ]
                            }
                        }
                    },
                    {
                        "parsed": {
                            "fingerprint_sha1": "1b43dbe5d7c6683c41c1fd8777eb2a5349767fd2",
                            "subject_dn": "CN=CISCO., unstructuredName=CISCO.",
                            "issuer": {
                                "common_name": [
                                    "CISCO."
                                ]
                            },
                            "signature": {
                                "self_signed": true,
                                "valid": false,
                                "value": "mMsX99GxBN555Fiu0f34VH8g+B2NQfInW/3z4XgG5ECCIIOK+qSpDHyGBkYywoUG6Gqq5ZpROcXevZNtP7pz3NLirUEBY/Y9uNCbeKvFqj6vfJ+siaRdIpxF1s43iY/e",
                                "signature_algorithm": {
                                    "oid": "1.2.840.113549.1.1.4",
                                    "name": "MD5WithRSA"
                                }
                            },
                            "validity": {
                                "start": "1993-04-10T17:00:49Z",
                                "end": "2003-04-08T17:00:49Z"
                            },
                            "issuer_dn": "CN=CISCO., unstructuredName=CISCO.",
                            "fingerprint_sha256": "26917c533b12ffc9f1e72d526a7503f2c479cd3718e6db9c8b681ebe28f90c14",
                            "version": 2,
                            "extensions": {
                                "certificate_policies": []
                            },
                            "signature_algorithm": {
                                "oid": "1.2.840.113549.1.1.4",
                                "name": "MD5WithRSA"
                            },
                            "serial_number": "0",
                            "fingerprint_md5": "6a7b0baff8cb781dc5122892cb25048f",
                            "subject_key_info": {
                                "key_algorithm": {
                                    "oid": "",
                                    "name": "RSA"
                                },
                                "rsa_public_key": {
                                    "length": 768,
                                    "modulus": "yMQyyqoSRDI+fbmtsQhskxeeBaqpX0/Mj1SzaYyizN2H4x7vNnx+GtAth4GfQEl3pV7wah6lTH9EJFA72JCZdnf2Pm7doSaHC63WO4yeOn/qQq4/+N+gCOPPlbsp28mf",
                                    "exponent": 65537
                                }
                            },
                            "subject": {
                                "common_name": [
                                    "CISCO."
                                ]
                            }
                        }
                    },
                    {
                        "parsed": {
                            "fingerprint_sha1": "1b43dbe5d7c6683c41c1fd8777eb2a5349767fd2",
                            "subject_dn": "CN=CISCO., unstructuredName=CISCO.",
                            "issuer": {
                                "common_name": [
                                    "CISCO."
                                ]
                            },
                            "signature": {
                                "self_signed": true,
                                "valid": false,
                                "value": "mMsX99GxBN555Fiu0f34VH8g+B2NQfInW/3z4XgG5ECCIIOK+qSpDHyGBkYywoUG6Gqq5ZpROcXevZNtP7pz3NLirUEBY/Y9uNCbeKvFqj6vfJ+siaRdIpxF1s43iY/e",
                                "signature_algorithm": {
                                    "oid": "1.2.840.113549.1.1.4",
                                    "name": "MD5WithRSA"
                                }
                            },
                            "validity": {
                                "start": "1993-04-10T17:00:49Z",
                                "end": "2003-04-08T17:00:49Z"
                            },
                            "issuer_dn": "CN=CISCO., unstructuredName=CISCO.",
                            "fingerprint_sha256": "26917c533b12ffc9f1e72d526a7503f2c479cd3718e6db9c8b681ebe28f90c14",
                            "version": 2,
                            "extensions": {
                                "certificate_policies": []
                            },
                            "signature_algorithm": {
                                "oid": "1.2.840.113549.1.1.4",
                                "name": "MD5WithRSA"
                            },
                            "serial_number": "0",
                            "fingerprint_md5": "6a7b0baff8cb781dc5122892cb25048f",
                            "subject_key_info": {
                                "key_algorithm": {
                                    "oid": "",
                                    "name": "RSA"
                                },
                                "rsa_public_key": {
                                    "length": 768,
                                    "modulus": "yMQyyqoSRDI+fbmtsQhskxeeBaqpX0/Mj1SzaYyizN2H4x7vNnx+GtAth4GfQEl3pV7wah6lTH9EJFA72JCZdnf2Pm7doSaHC63WO4yeOn/qQq4/+N+gCOPPlbsp28mf",
                                    "exponent": 65537
                                }
                            },
                            "subject": {
                                "common_name": [
                                    "CISCO."
                                ]
                            }
                        }
                    },
                    {
                        "parsed": {
                            "fingerprint_sha1": "1b43dbe5d7c6683c41c1fd8777eb2a5349767fd2",
                            "subject_dn": "CN=CISCO., unstructuredName=CISCO.",
                            "issuer": {
                                "common_name": [
                                    "CISCO."
                                ]
                            },
                            "signature": {
                                "self_signed": true,
                                "valid": false,
                                "value": "mMsX99GxBN555Fiu0f34VH8g+B2NQfInW/3z4XgG5ECCIIOK+qSpDHyGBkYywoUG6Gqq5ZpROcXevZNtP7pz3NLirUEBY/Y9uNCbeKvFqj6vfJ+siaRdIpxF1s43iY/e",
                                "signature_algorithm": {
                                    "oid": "1.2.840.113549.1.1.4",
                                    "name": "MD5WithRSA"
                                }
                            },
                            "validity": {
                                "start": "1993-04-10T17:00:49Z",
                                "end": "2003-04-08T17:00:49Z"
                            },
                            "issuer_dn": "CN=CISCO., unstructuredName=CISCO.",
                            "fingerprint_sha256": "26917c533b12ffc9f1e72d526a7503f2c479cd3718e6db9c8b681ebe28f90c14",
                            "version": 2,
                            "extensions": {
                                "certificate_policies": []
                            },
                            "signature_algorithm": {
                                "oid": "1.2.840.113549.1.1.4",
                                "name": "MD5WithRSA"
                            },
                            "serial_number": "0",
                            "fingerprint_md5": "6a7b0baff8cb781dc5122892cb25048f",
                            "subject_key_info": {
                                "key_algorithm": {
                                    "oid": "",
                                    "name": "RSA"
                                },
                                "rsa_public_key": {
                                    "length": 768,
                                    "modulus": "yMQyyqoSRDI+fbmtsQhskxeeBaqpX0/Mj1SzaYyizN2H4x7vNnx+GtAth4GfQEl3pV7wah6lTH9EJFA72JCZdnf2Pm7doSaHC63WO4yeOn/qQq4/+N+gCOPPlbsp28mf",
                                    "exponent": 65537
                                }
                            },
                            "subject": {
                                "common_name": [
                                    "CISCO."
                                ]
                            }
                        }
                    },
                    {
                        "parsed": {
                            "fingerprint_sha1": "1b43dbe5d7c6683c41c1fd8777eb2a5349767fd2",
                            "subject_dn": "CN=CISCO., unstructuredName=CISCO.",
                            "issuer": {
                                "common_name": [
                                    "CISCO."
                                ]
                            },
                            "signature": {
                                "self_signed": true,
                                "valid": false,
                                "value": "mMsX99GxBN555Fiu0f34VH8g+B2NQfInW/3z4XgG5ECCIIOK+qSpDHyGBkYywoUG6Gqq5ZpROcXevZNtP7pz3NLirUEBY/Y9uNCbeKvFqj6vfJ+siaRdIpxF1s43iY/e",
                                "signature_algorithm": {
                                    "oid": "1.2.840.113549.1.1.4",
                                    "name": "MD5WithRSA"
                                }
                            },
                            "validity": {
                                "start": "1993-04-10T17:00:49Z",
                                "end": "2003-04-08T17:00:49Z"
                            },
                            "issuer_dn": "CN=CISCO., unstructuredName=CISCO.",
                            "fingerprint_sha256": "26917c533b12ffc9f1e72d526a7503f2c479cd3718e6db9c8b681ebe28f90c14",
                            "version": 2,
                            "extensions": {
                                "certificate_policies": []
                            },
                            "signature_algorithm": {
                                "oid": "1.2.840.113549.1.1.4",
                                "name": "MD5WithRSA"
                            },
                            "serial_number": "0",
                            "fingerprint_md5": "6a7b0baff8cb781dc5122892cb25048f",
                            "subject_key_info": {
                                "key_algorithm": {
                                    "oid": "",
                                    "name": "RSA"
                                },
                                "rsa_public_key": {
                                    "length": 768,
                                    "modulus": "yMQyyqoSRDI+fbmtsQhskxeeBaqpX0/Mj1SzaYyizN2H4x7vNnx+GtAth4GfQEl3pV7wah6lTH9EJFA72JCZdnf2Pm7doSaHC63WO4yeOn/qQq4/+N+gCOPPlbsp28mf",
                                    "exponent": 65537
                                }
                            },
                            "subject": {
                                "common_name": [
                                    "CISCO."
                                ]
                            }
                        }
                    },
                    {
                        "parsed": {
                            "fingerprint_sha1": "1b43dbe5d7c6683c41c1fd8777eb2a5349767fd2",
                            "subject_dn": "CN=CISCO., unstructuredName=CISCO.",
                            "issuer": {
                                "common_name": [
                                    "CISCO."
                                ]
                            },
                            "signature": {
                                "self_signed": true,
                                "valid": false,
                                "value": "mMsX99GxBN555Fiu0f34VH8g+B2NQfInW/3z4XgG5ECCIIOK+qSpDHyGBkYywoUG6Gqq5ZpROcXevZNtP7pz3NLirUEBY/Y9uNCbeKvFqj6vfJ+siaRdIpxF1s43iY/e",
                                "signature_algorithm": {
                                    "oid": "1.2.840.113549.1.1.4",
                                    "name": "MD5WithRSA"
                                }
                            },
                            "validity": {
                                "start": "1993-04-10T17:00:49Z",
                                "end": "2003-04-08T17:00:49Z"
                            },
                            "issuer_dn": "CN=CISCO., unstructuredName=CISCO.",
                            "fingerprint_sha256": "26917c533b12ffc9f1e72d526a7503f2c479cd3718e6db9c8b681ebe28f90c14",
                            "version": 2,
                            "extensions": {
                                "certificate_policies": []
                            },
                            "signature_algorithm": {
                                "oid": "1.2.840.113549.1.1.4",
                                "name": "MD5WithRSA"
                            },
                            "serial_number": "0",
                            "fingerprint_md5": "6a7b0baff8cb781dc5122892cb25048f",
                            "subject_key_info": {
                                "key_algorithm": {
                                    "oid": "",
                                    "name": "RSA"
                                },
                                "rsa_public_key": {
                                    "length": 768,
                                    "modulus": "yMQyyqoSRDI+fbmtsQhskxeeBaqpX0/Mj1SzaYyizN2H4x7vNnx+GtAth4GfQEl3pV7wah6lTH9EJFA72JCZdnf2Pm7doSaHC63WO4yeOn/qQq4/+N+gCOPPlbsp28mf",
                                    "exponent": 65537
                                }
                            },
                            "subject": {
                                "common_name": [
                                    "CISCO."
                                ]
                            }
                        }
                    },
                    {
                        "parsed": {
                            "fingerprint_sha1": "1b43dbe5d7c6683c41c1fd8777eb2a5349767fd2",
                            "subject_dn": "CN=CISCO., unstructuredName=CISCO.",
                            "issuer": {
                                "common_name": [
                                    "CISCO."
                                ]
                            },
                            "signature": {
                                "self_signed": true,
                                "valid": false,
                                "value": "mMsX99GxBN555Fiu0f34VH8g+B2NQfInW/3z4XgG5ECCIIOK+qSpDHyGBkYywoUG6Gqq5ZpROcXevZNtP7pz3NLirUEBY/Y9uNCbeKvFqj6vfJ+siaRdIpxF1s43iY/e",
                                "signature_algorithm": {
                                    "oid": "1.2.840.113549.1.1.4",
                                    "name": "MD5WithRSA"
                                }
                            },
                            "validity": {
                                "start": "1993-04-10T17:00:49Z",
                                "end": "2003-04-08T17:00:49Z"
                            },
                            "issuer_dn": "CN=CISCO., unstructuredName=CISCO.",
                            "fingerprint_sha256": "26917c533b12ffc9f1e72d526a7503f2c479cd3718e6db9c8b681ebe28f90c14",
                            "version": 2,
                            "extensions": {
                                "certificate_policies": []
                            },
                            "signature_algorithm": {
                                "oid": "1.2.840.113549.1.1.4",
                                "name": "MD5WithRSA"
                            },
                            "serial_number": "0",
                            "fingerprint_md5": "6a7b0baff8cb781dc5122892cb25048f",
                            "subject_key_info": {
                                "key_algorithm": {
                                    "oid": "",
                                    "name": "RSA"
                                },
                                "rsa_public_key": {
                                    "length": 768,
                                    "modulus": "yMQyyqoSRDI+fbmtsQhskxeeBaqpX0/Mj1SzaYyizN2H4x7vNnx+GtAth4GfQEl3pV7wah6lTH9EJFA72JCZdnf2Pm7doSaHC63WO4yeOn/qQq4/+N+gCOPPlbsp28mf",
                                    "exponent": 65537
                                }
                            },
                            "subject": {
                                "common_name": [
                                    "CISCO."
                                ]
                            }
                        }
                    },
                    {
                        "parsed": {
                            "fingerprint_sha1": "1b43dbe5d7c6683c41c1fd8777eb2a5349767fd2",
                            "subject_dn": "CN=CISCO., unstructuredName=CISCO.",
                            "issuer": {
                                "common_name": [
                                    "CISCO."
                                ]
                            },
                            "signature": {
                                "self_signed": true,
                                "valid": false,
                                "value": "mMsX99GxBN555Fiu0f34VH8g+B2NQfInW/3z4XgG5ECCIIOK+qSpDHyGBkYywoUG6Gqq5ZpROcXevZNtP7pz3NLirUEBY/Y9uNCbeKvFqj6vfJ+siaRdIpxF1s43iY/e",
                                "signature_algorithm": {
                                    "oid": "1.2.840.113549.1.1.4",
                                    "name": "MD5WithRSA"
                                }
                            },
                            "validity": {
                                "start": "1993-04-10T17:00:49Z",
                                "end": "2003-04-08T17:00:49Z"
                            },
                            "issuer_dn": "CN=CISCO., unstructuredName=CISCO.",
                            "fingerprint_sha256": "26917c533b12ffc9f1e72d526a7503f2c479cd3718e6db9c8b681ebe28f90c14",
                            "version": 2,
                            "extensions": {
                                "certificate_policies": []
                            },
                            "signature_algorithm": {
                                "oid": "1.2.840.113549.1.1.4",
                                "name": "MD5WithRSA"
                            },
                            "serial_number": "0",
                            "fingerprint_md5": "6a7b0baff8cb781dc5122892cb25048f",
                            "subject_key_info": {
                                "key_algorithm": {
                                    "oid": "",
                                    "name": "RSA"
                                },
                                "rsa_public_key": {
                                    "length": 768,
                                    "modulus": "yMQyyqoSRDI+fbmtsQhskxeeBaqpX0/Mj1SzaYyizN2H4x7vNnx+GtAth4GfQEl3pV7wah6lTH9EJFA72JCZdnf2Pm7doSaHC63WO4yeOn/qQq4/+N+gCOPPlbsp28mf",
                                    "exponent": 65537
                                }
                            },
                            "subject": {
                                "common_name": [
                                    "CISCO."
                                ]
                            }
                        }
                    },
                    {
                        "parsed": {
                            "fingerprint_sha1": "1b43dbe5d7c6683c41c1fd8777eb2a5349767fd2",
                            "subject_dn": "CN=CISCO., unstructuredName=CISCO.",
                            "issuer": {
                                "common_name": [
                                    "CISCO."
                                ]
                            },
                            "signature": {
                                "self_signed": true,
                                "valid": false,
                                "value": "mMsX99GxBN555Fiu0f34VH8g+B2NQfInW/3z4XgG5ECCIIOK+qSpDHyGBkYywoUG6Gqq5ZpROcXevZNtP7pz3NLirUEBY/Y9uNCbeKvFqj6vfJ+siaRdIpxF1s43iY/e",
                                "signature_algorithm": {
                                    "oid": "1.2.840.113549.1.1.4",
                                    "name": "MD5WithRSA"
                                }
                            },
                            "validity": {
                                "start": "1993-04-10T17:00:49Z",
                                "end": "2003-04-08T17:00:49Z"
                            },
                            "issuer_dn": "CN=CISCO., unstructuredName=CISCO.",
                            "fingerprint_sha256": "26917c533b12ffc9f1e72d526a7503f2c479cd3718e6db9c8b681ebe28f90c14",
                            "version": 2,
                            "extensions": {
                                "certificate_policies": []
                            },
                            "signature_algorithm": {
                                "oid": "1.2.840.113549.1.1.4",
                                "name": "MD5WithRSA"
                            },
                            "serial_number": "0",
                            "fingerprint_md5": "6a7b0baff8cb781dc5122892cb25048f",
                            "subject_key_info": {
                                "key_algorithm": {
                                    "oid": "",
                                    "name": "RSA"
                                },
                                "rsa_public_key": {
                                    "length": 768,
                                    "modulus": "yMQyyqoSRDI+fbmtsQhskxeeBaqpX0/Mj1SzaYyizN2H4x7vNnx+GtAth4GfQEl3pV7wah6lTH9EJFA72JCZdnf2Pm7doSaHC63WO4yeOn/qQq4/+N+gCOPPlbsp28mf",
                                    "exponent": 65537
                                }
                            },
                            "subject": {
                                "common_name": [
                                    "CISCO."
                                ]
                            }
                        }
                    }
                ],
                "cipher_suite": {
                    "id": "0x0005",
                    "name": "TLS_RSA_WITH_RC4_128_SHA"
                },
                "version": "SSLv3",
                "ocsp_stapling": false,
                "validation": {
                    "browser_trusted": false,
                    "browser_error": "x509: certificate has expired or is not yet valid"
                },
                "metadata": {}
            },
            "dhe": {
                "support": false,
                "metadata": {}
            },
            "dhe_export": {
                "support": false,
                "metadata": {}
            },
            "ssl_3": {
                "support": true,
                "metadata": {}
            },
            "rsa_export": {
                "support": false,
                "metadata": {}
            }
        }
    },
    "80": {
        "http": {
            "get": {
                "body": "401 Unauthorized\r\n",
                "body_sha256": "hkkNa6hIVVuJcKCHGk2hGg3EPvo0kvsJAvZdUiR3Erk=",
                "status_code": 401,
                "status_line": "HTTP/1.1 401 Unauthorized",
                "headers": {
                    "www_authenticate": "Basic realm=\"level_15_access\"",
                    "accept_ranges": "none",
                    "server": "cisco-IOS"
                },
                "metadata": {}
            }
        }
    }
}
