{
  "domain": "educazione.sm", 
  "alexa_rank": 846194, 
  "tags": [
    "http"
  ], 
  "ip": "0.0.0.0", 
  "updated_at": "2015-10-02T09:06:18+00:00", 
  "zdb_version": 3, 
  "location": {
    "province": "", 
    "city": "", 
    "country": "", 
    "longitude": 0.0, 
    "registered_country": "", 
    "registered_country_code": "", 
    "postal_code": "", 
    "country_code": "", 
    "latitude": 0.0, 
    "timezone": "", 
    "continent": ""
  }, 
  "80": {
    "http": {
      "get": {
        "body_sha256": "hkkNa6hIVVuJcKCHGk2hGg3EPvo0kvsJAvZdUiR3Erk=", 
        "status_code": 401, 
        "status_line": "HTTP/1.1 401 Unauthorized", 
        "headers": {
          "www_authenticate": "Basic realm=\"level_15_access\"", 
          "accept_ranges": "none", 
          "server": "cisco-IOS"
        }
      }
    }
  }, 
  "protocols": [
    "80/http"
  ], 
  "metadata": {}
}
