{
  "domain": "kensaibou.or.jp", 
  "alexa_rank": 617934, 
  "tags": [
    "dhe-export", 
    "rsa-export", 
    "dhe", 
    "https"
  ], 
  "443": {
    "https": {
      "tls": {
        "server_key_exchange": {
          "dh_params": {
            "prime": {
              "length": 1024, 
              "value": "+NXM6Ho5YbX1y8g0QMUYVuDm+m1asoMQeMhnYhykbKh9f6Oxr3W4NDxpk3TTaSDy45plPejwclqm4tKXdTdVjOJ+eE9LVJvvtViSe6MMi9gdrNyukwJ7Xc4bwXZwr33s6BFJq9fWMtm4CmOXzrzHqWGczzgojqPVIyh3Q7BOb7M="
            }, 
            "generator": {
              "length": 8, 
              "value": "Ag=="
            }
          }
        }, 
        "certificate": {
          "parsed": {
            "fingerprint_sha256": "7eaaf7d9528d454525d1f5a0fa5f30e814ffb472597616f3386e819b732f904f", 
            "subject_dn": "C=US, ST=California, L=San Jose, O=Cisco Systems, Inc, CN=Cisco Appliance Demo Certificate", 
            "signature_algorithm": {
              "oid": "1.2.840.113549.1.1.5", 
              "name": "SHA1WithRSA"
            }, 
            "subject": {
              "common_name": [
                "Cisco Appliance Demo Certificate"
              ], 
              "country": [
                "US"
              ], 
              "organization": [
                "Cisco Systems, Inc"
              ], 
              "province": [
                "California"
              ], 
              "locality": [
                "San Jose"
              ]
            }, 
            "validity": {
              "start": "2009-10-02T00:02:16Z", 
              "end": "2019-10-03T00:02:16Z"
            }, 
            "issuer_dn": "C=US, ST=California, L=San Jose, O=Cisco Systems, Inc, CN=Cisco Appliance Demo Certificate", 
            "fingerprint_sha1": "62d814ee170dacc3a391cdfb5d7830e75869fc3d", 
            "version": 3, 
            "extensions": {
              "authority_key_id": "222fe632bae568d29b519d584443f3ab309a163f", 
              "basic_constraints": {
                "is_ca": true
              }, 
              "subject_key_id": "Ii/mMrrlaNKbUZ1YREPzqzCaFj8=", 
              "certificate_policies": []
            }, 
            "signature": {
              "self_signed": true, 
              "valid": true, 
              "value": "LtufLzUisAEWwgBukGea5+KBpL9FMyz1WcRm3BF2xi17hzbZu4ZWVgRl237WdyEx6FMBVNSE4Rhcd3pYDhbWhuOHJrZXeto699TcaBeNe58vg1sMej1Yhc2sQ9PawTNaHwCRZs1RB/eHu+pinm/foHY1CY8pSOYcHnNLGd9OLMA=", 
              "signature_algorithm": {
                "oid": "1.2.840.113549.1.1.5", 
                "name": "SHA1WithRSA"
              }
            }, 
            "serial_number": "16115547963351353961", 
            "fingerprint_md5": "d44b047892fa4c17b574af038c2a49f1", 
            "subject_key_info": {
              "key_algorithm": {
                "oid": "", 
                "name": "RSA"
              }, 
              "rsa_public_key": {
                "length": 1024, 
                "modulus": "8dVMElO8zGT2XC7qDrfBvejZLy2LlzzO2jrm3RrTWwgRAKjE6FkYBLETzD2bWy70u460gyRCJXrlzT5qO2gLMsMrz8eDC7OR4AauI+kYHDgQQT3k0MR6wKdcufjoPs9YCiXPkJlyfyee+9eZcvu+6em+WVVVJQ/S1Yo9CYMSKz0=", 
                "exponent": 65537
              }
            }, 
            "issuer": {
              "common_name": [
                "Cisco Appliance Demo Certificate"
              ], 
              "country": [
                "US"
              ], 
              "organization": [
                "Cisco Systems, Inc"
              ], 
              "province": [
                "California"
              ], 
              "locality": [
                "San Jose"
              ]
            }
          }
        }, 
        "cipher_suite": {
          "id": "0x0039", 
          "name": "TLS_DHE_RSA_WITH_AES_256_CBC_SHA"
        }, 
        "version": "TLSv1.0", 
        "ocsp_stapling": false, 
        "signature": {
          "valid": true
        }, 
        "validation": {
          "browser_trusted": false, 
          "browser_error": "x509: certificate signed by unknown authority"
        }
      }, 
      "dhe_export": {
        "support": false
      }, 
      "dhe": {
        "support": false
      }, 
      "ssl_3": {
        "support": true
      }, 
      "heartbleed": {
        "heartbeat_enabled": false, 
        "heartbleed_vulnerable": false
      }, 
      "rsa_export": {
        "support": false
      }
    }
  }, 
  "ip": "0.0.0.0", 
  "updated_at": "2015-09-30T16:30:28+00:00", 
  "zdb_version": 5, 
  "location": {
    "province": "", 
    "city": "", 
    "country": "", 
    "longitude": 0.0, 
    "registered_country": "", 
    "registered_country_code": "", 
    "postal_code": "", 
    "country_code": "", 
    "latitude": 0.0, 
    "timezone": "", 
    "continent": ""
  }, 
  "protocols": [
    "443/https"
  ], 
  "metadata": {}
}
