{
  "21": {
    "ftp": {
      "banner": {
        "banner": "220 Dell Color Laser 3110cn",
        "metadata": {}
      }
    }
  },
  "80": {
    "http": {
      "get": {
        "body": "<html>\r\n<head>\r\n<title>\r\nDell Color Laser 3110cn</title>\r\n</head>\r\n<frameset cols=\"220,*\" border=0>\r\n<frame src=\"frameleft.htm\" name=\"LeftFrame\" frameborder=0 scrolling=auto>\r\n<frameset rows=\"140,*\" border=0>\r\n<frame src=\"frametop.htm\" name=\"TopFrame\" frameborder=0 scrolling=no noresize>\r\n<frame src=\"status/status.htm\" name=\"RightFrame\" frameborder=0>\r\n</frameset>\r\n</frameset>\r\n</htm>\u0000",
        "headers": {
          "connection": "close",
          "content_type": "text/html",
          "server": "EWS-NIC4/8.34"
        },
        "status_code": 200,
        "title": "\r\nDell Color Laser 3110cn",
        "status_line": "200 OK",
        "body_sha256": "HVHEz0O10n/+R9ptuZm7Gb1lChtVQRWpDjnsibKlmYs=",
        "metadata": {}
      }
    }
  }
}
