{
  "21": {
    "ftp": {
      "banner": {
        "banner": "421 Session access restricted, closing control connection.",
        "metadata": {}
      }
    }
  },
  "443": {
    "https": {
      "tls": {
        "certificate": {
          "parsed": {
            "tbs_noct_fingerprint": "08130774a094e0e73aea917d6be1e5f192afe0acc458ded34569b15af05fc37e",
            "subject_dn": "CN=HP Jetdirect D1A38370, O=Hewlett-Packard Co., OU=78E7D1A38370, OU=J8003E",
            "subject": {
              "common_name": [
                "HP Jetdirect D1A38370"
              ],
              "organization": [
                "Hewlett-Packard Co."
              ],
              "organizational_unit": [
                "78E7D1A38370",
                "J8003E"
              ]
            },
            "signature_algorithm": {
              "oid": "1.2.840.113549.1.1.4",
              "name": "MD5WithRSA"
            },
            "redacted": false,
            "serial_number": "1132435587",
            "validation_level": "unknown",
            "issuer_dn": "CN=HP Jetdirect D1A38370, O=Hewlett-Packard Co., OU=78E7D1A38370, OU=J8003E",
            "fingerprint_sha1": "a97afe2efaf51ff832f3648ff527f6d9a3251d3d",
            "version": 3,
            "fingerprint_sha256": "98b1b3ff262fd96d8b5321b1cb1e281e32738c41882565b2fa96b83722d43506",
            "validity": {
              "start": "2010-05-01T00:00:00Z",
              "length": 157766400,
              "end": "2015-05-01T00:00:00Z"
            },
            "tbs_fingerprint": "08130774a094e0e73aea917d6be1e5f192afe0acc458ded34569b15af05fc37e",
            "extensions": {
              "extended_key_usage": {
                "client_auth": true,
                "server_auth": true
              }
            },
            "fingerprint_md5": "22ac610862853fa1b4691e6411e52195",
            "subject_key_info": {
              "fingerprint_sha256": "c6608148807421455830ae3f189b750cce63a27db4b015210a116cb883d79f2e",
              "key_algorithm": {
                "name": "RSA"
              },
              "rsa_public_key": {
                "length": 1024,
                "modulus": "20Ri9FYI9Pun+SkIZodnWn0Uu7ndZjoCQMsJFh23oKv1aEnT/oaCHrYms/HWMEjRVfK1XexCNLSbpYtiYmQmF4PZW3BLiy/0KN2SFK044mefaabIclGcd1/cFUkAecK6kjzzkYVaxZBn+sCn6lQvp9UcLfYZW8CeCV0HH8tEHTM=",
                "exponent": 65537
              }
            },
            "signature": {
              "self_signed": true,
              "valid": false,
              "value": "1QIc1RmkZnlE5yEbZPmelrh2KDBKnUvpfWaO4nGRUBexUem5VWRkGHtJTtM2zZKit6RdaKodisWkYz2qpxFgs1m+OP0RJv52pQfYtFEjqXkd6zK19VhXePamsLL8EnK+k10lf7e4x426nWrPG8boLSxKF7ZFXMKCV4PPyh8lxJI=",
              "signature_algorithm": {
                "oid": "1.2.840.113549.1.1.4",
                "name": "MD5WithRSA"
              }
            },
            "spki_subject_fingerprint": "fa22052d705b0a00eeba4fc66592a70e31df0d1197a4dc8bae1b3bc247649d5b",
            "issuer": {
              "common_name": [
                "HP Jetdirect D1A38370"
              ],
              "organization": [
                "Hewlett-Packard Co."
              ],
              "organizational_unit": [
                "78E7D1A38370",
                "J8003E"
              ]
            }
          }
        },
        "cipher_suite": {
          "id": "0x0035",
          "name": "TLS_RSA_WITH_AES_256_CBC_SHA"
        },
        "version": "TLSv1.0",
        "ocsp_stapling": false,
        "validation": {
          "browser_trusted": false,
          "browser_error": "x509: unknown error"
        },
        "metadata": {}
      },
      "dhe_export": {
        "support": false,
        "metadata": {}
      },
      "dhe": {
        "support": false,
        "metadata": {}
      },
      "ssl_3": {
        "support": true,
        "metadata": {}
      },
      "heartbleed": {
        "heartbeat_enabled": false,
        "heartbleed_vulnerable": false,
        "metadata": {}
      },
      "rsa_export": {
        "support": false,
        "metadata": {}
      }
    }
  },
  "80": {
    "http": {
      "get": {
        "body": "<?xml version=\"1.0\" encoding=\"UTF-8\"?><!DOCTYPE html PUBLIC \"-//W3C//DTD XHTML 1.0 Strict//EN\" \"http://www.w3.org/TR/xhtml1/DTD/xhtml1-strict.dtd\"><html xmlns=\"http://www.w3.org/1999/xhtml\" xml:lang=\"en\" lang=\"en\"><head><title>HP LaserJet P4014 Printers</title><meta http-equiv=\"Content-Type\" content=\"text/html; charset=utf-8\" /><meta http-equiv=\"Content-Style-Type\" content=\"text/css\" /><style type=\"text/css\" media=\"all\">body {background-color:#ffffff;color:#000000;font-family:Arial,Bitstream Vera Sans,sans-serif;font-size:70%;margin:0px;padding:0px;}table.applicationMastheadSmall {width:100%;}table.applicationMastheadSmall,table.applicationMastheadSmall td {background-color:#4faf00;color:#ffffff;vertical-align:top;}table.applicationMastheadSmall a:link,table.applicationMastheadSmall a:visited,table.applicationMastheadSmall a:hover,table.applicationMastheadSmall a:active {color:#ffffff;text-decoration:underline;}a.mastheadIcon img{border:none;margin-left:17px;}td.mastheadTitle {padding:16px;width:70%;}td.mastheadTitle h1 {color:#ffffff;font-size:180%;font-weight:normal;margin:0px;padding:0px 16px 0px 0px;vertical-align:middle;white-space:nowrap;}div.mastheadPhoto {background:#ffffff;border-left:7px solid #ffffff;float:right;height:57px;width:306px;}td.mastheadLinks {border-left:7px solid #ffffff;font-size:110%;font-weight:bold;padding:12px 16px;white-space:nowrap;width:30%;}div.networkInfo {float:left;margin:8px 0px 8px 15px;}table.applicationPalette {margin:7px;}div.tabOn {background-color:#cccccc;border-right:3px solid #ffffff;color:#333333;cursor:pointer;float:left;font-weight:bold;min-height:14px;min-width:89px;padding:2px 13px 6px 10px;text-align:center;white-space:nowrap;}div.tabOn a:link,div.tabOn a:visited,div.tabOn a:hover,div.tabOn a:active {color:#333333;text-decoration:none;}div.tabOff {background-color:#86bb5b;background-image:url(images/tab_right.gif);background-position:top right;background-repeat:no-repeat;border-bottom:2px solid #fff;border-right:2px solid #fff;color:#ffffff;cursor:pointer;float:left;font-weight:bold;min-height:14px;min-width:88px;padding:2px 13px 4px 10px;text-align:center;white-space:nowrap;}div.tabOff a:link,div.tabOff a:visited,div.tabOff a:hover,div.tabOff a:active {color:#ffffff;text-decoration:none;}td.leftContentPane {border:7px solid #cccccc;vertical-align:top;}div.navigationControl {margin-top:2px;padding:2px;white-space:nowrap;}div.navigationControlHeader {background-color:#ffffff;font-weight:bold;padding:3px 7px 4px 8px;}div.navigationControlOn {background-color:#99ccff;padding:3px 7px 4px 8px;}div.navigationControlOn a:link,div.navigationControlOn a:visited,div.navigationControlOn a:hover,div.navigationControlOn a:active {color:#000000;text-decoration:none;}div.navigationControlOn a:hover {text-decoration:underline;}div.navigationControlOff {background-color:#ffffff;padding:3px 7px 4px 8px;}div.navigationControlOff a:link,div.navigationControlOff a:visited,div.navigationControlOff a:hover,div.navigationControlOff a:active {color:#003399;text-decoration:none;}div.navigationControlOff a:hover {text-decoration:underline;}div.navigationControlSpacer {height:5px;overflow:hidden;width:210px;}td.rightContentPane {border-color:#cccccc;border-style:solid;border-width:7px 0px 7px 0px;vertical-align:top;width:100%;}div.hpPageTitle {background-color : #cccccc;border-bottom: 11px solid #cccccc;border-top   : 11px solid #cccccc;font-size: 180%;font-weight  : normal;}span.hpPageTextButtonReference {font-weight:bold;}div.hpSection {background-color:#666666;border-bottom:3px solid #484848;color:#ffffff;font-weight:bold;font-size:100%;margin:5px 0px 10px 0px;padding:3px 5px 3px 9px;}table.hpSectionTable {background-color:#666666;color:#ffffff;font-weight:bold;font-size:100%;}input.hpTextInput,textarea.hpTextArea, select.hpPageCombo {border:1px solid #6699cc;font-family:Arial,Bitstream Vera Sans,sans-serif;font-size:100%;padding-left:2px;}div.hpFormBottom {float:right;margin-top:10px;margin-bottom:10px;width:100%;}input.buttonStyled,input.buttonStyledDisabled {background-color:#86bb5b;color:#ffffff;font-family:Arial,Bitstream Vera Sans,sans-serif;font-size:100%;font-weight:bold;min-height:21px;text-align:center;text-decoration:none;}input.buttonStyledDisabled {background-color:#adadad;color: #c1c1c1;font-size:100%;margin-left:0px;}table.hpTable {background-color:transparent;border:0px;padding:0px;vertical-align:top;width:auto;}th.hpTableHeader {background-color:transparent;font-weight:bold;padding:3px 5px 2px 5px;text-align:left;vertical-align:top;}table.hpStyledTable {background-color:#eeeeee;border:1px solid #968f89;border-top:1px solid #cccccc;vertical-align:top;width:auto;}th.hpStyledTableHeader {background-color:#968f89;border-right:1px solid #cccccc;color:#ffffff;font-weight:bold;padding:3px 5px 2px 5px;text-align:left;vertical-align:top;}div.hpGasGaugeBlock {background-color:transparent;margin:10px 10px 10px 0px;width:100%;}div.hpGasGaugeBorder {border:solid #000000 1px;}span.hpConsumableBlockHeaderText {font-size:10px;}div.hpPageText,span.hpPageText {padding: 0px 0px 5px 0px;}select.hpPageList {font-size:100%;width:225px;}select.hpPageCombo {font-size:100%;}div.clearFloats {clear:both;height:1px;margin-bottom:-1px;overflow:hidden;}a.hpPageLink:link,a.hpPageLink:visited,a.hpPageLink:hover,a.hpPageLink:active {color:#003399;text-decoration:none;}a.hpPageLink:hover {text-decoration:underline;}hr.hpButtonSeparator {background-color:#cccccc;border:0px;color:#cccccc;height:1px;margin:0 5px 5px 5px;overflow:hidden;}img.hpPageImage {border:0px;}input {font-size:100%;}div td,body input, body button, td input, td button, th input, th button, body div,body table, body td, body th, body caption {font-size:100%;}</style></head><body><!-- masthead --><table class=\"applicationMastheadSmall\" border=\"0\" cellpadding=\"0\" cellspacing=\"0\"><tbody><tr><td style=\"vertical-align:middle;\"><a href=\"#skipnavigation\" title=\"Jump to main content. Please activate this if you would like to skip the navigation and jump directly to the\nmain content.\"></a><a class=\"mastheadIcon\" href=\"http://www.hp.com/\" onclick=\"target = new Date().valueOf().toString(); if (window.open) window.open('http://www.hp.com',target,'resizable=yes,scrollbars=yes,menubar=yes,location=yes,toolbar=yes,status=yes'); return false;\" title=\"Go to HP corporate web site: external link\"><img src=\"images/logo.gif\" alt=\"Click this Hewlett-Packard logo to open a new browser window, which takes you to the external HP.com Web site.\" /></a></td><td class=\"mastheadTitle\"><h1>HP LaserJet P4014 Printers</h1></td><td style=\"vertical-align:middle;background:#ffffff;\"><div class=\"mastheadPhoto\"><img src=\"images/masthead.jpg\" alt=\"\" /></div></td><td class=\"mastheadLinks\"><div>User: guest</div><div><a href=\"this.LCDispatcher?nav=hp.DeviceStatus&amp;action=doLogin\">Log In</a></div></td></tr></tbody></table><div class=\"networkInfo\">NPIA38370 / 128.95.111.11</div><div class=\"clearFloats\"></div><table class=\"applicationPalette\" cellspacing=\"0\" cellpadding=\"0\" ><tbody><tr><td colspan=\"3\"><div class=\"tabOn\" onclick=\"window.location='this.LCDispatcher?nav=hp.DeviceStatus'\"><a href=\"this.LCDispatcher?nav=hp.DeviceStatus\" title=\"Information\"> Information </a></div></td></tr><tr><td class=\"leftContentPane\"><div class=\"navigationControl\"><div class=\"navigationControlOn\"><a href=\"this.LCDispatcher?nav=hp.DeviceStatus\" title=\"Device Status\">Device Status</a></div><div class=\"navigationControlOff\"><a href=\"this.LCDispatcher?nav=hp.Config\" title=\"Configuration Page\">Configuration Page</a></div><div class=\"navigationControlOff\"><a href=\"this.LCDispatcher?nav=hp.Supplies\" title=\"Supplies Status\">Supplies Status</a></div><div class=\"navigationControlOff\"><a href=\"this.LCDispatcher?nav=hp.EventLog\" title=\"Event Log\">Event Log</a></div><div class=\"navigationControlOff\"><a href=\"this.LCDispatcher?nav=hp.Usage\" title=\"Usage Page\">Usage Page</a></div><div class=\"navigationControlOff\"><a href=\"this.LCDispatcher?nav=hp.DeviceInfo\" title=\"Device Information\">Device Information</a></div><div class=\"navigationControlOff\"><a href=\"this.LCDispatcher?nav=hp.ControlPanel\" title=\"Control Panel\">Control Panel</a></div><div class=\"navigationControlOff\"><a href=\"this.LCDispatcher?nav=hp.Print\" title=\"Print\">Print</a></div><div class=\"navigationControlSpacer\"></div><div class=\"navigationControlHeader\">Other Links</div><div class=\"navigationControlOff\"><a href=\"this.LCDispatcher?nav=hp.InstantSupport\" onclick=\"target = new Date().valueOf().toString(); if (window.open) window.open('this.LCDispatcher?nav=hp.InstantSupport',target,'resizable=yes,scrollbars=yes,menubar=yes,location=yes,toolbar=yes,status=yes'); return false;\" id=\"lnkOtherLink0\">hp instant support</a></div><div class=\"navigationControlOff\"><a href=\"this.LCDispatcher?nav=hp.OrderSupplies\" onclick=\"target = new Date().valueOf().toString(); if (window.open) window.open('this.LCDispatcher?nav=hp.OrderSupplies',target,'resizable=yes,scrollbars=yes,menubar=yes,location=yes,toolbar=yes,status=yes'); return false;\" id=\"lnkOtherLink1\">Shop for Supplies</a></div><div class=\"navigationControlOff\"><a href=\"http://h20180.www2.hp.com/apps/Nav?h_product=CB512A&amp;h_lang=en&amp;h_cc=us&amp;h_page=hpcom&amp;hpagetype=s-001&amp;h_client=s-a-e001-1\" onclick=\"target = new Date().valueOf().toString(); if (window.open) window.open('http://h20180.www2.hp.com/apps/Nav?h_product=CB512A&amp;h_lang=en&amp;h_cc=us&amp;h_page=hpcom&amp;hpagetype=s-001&amp;h_client=s-a-e001-1',target,'resizable=yes,scrollbars=yes,menubar=yes,location=yes,toolbar=yes,status=yes'); return false;\" id=\"lnkOtherLink2\">Product Support</a></div><div class=\"navigationControlOff\"><a href=\"http://www.hp.com/go/Show_Me_How/ljP4014\" onclick=\"target = new Date().valueOf().toString(); if (window.open) window.open('http://www.hp.com/go/Show_Me_How/ljP4014',target,'resizable=yes,scrollbars=yes,menubar=yes,location=yes,toolbar=yes,status=yes'); return false;\" id=\"lnkOtherLink3\">Show Me How</a></div></div></td><td class=\"rightContentPane\"><a name=\"skipnavigation\" ></a><div class=\"hpPageTitle\"  id=\"Page1\">\nDevice Status\n</div>\n<div style=\"padding:10px;\"><form id=\"deviceStatusPage\"   method=\"post\" action=\"this.LCDispatcher?nav=hp.DeviceStatus\">\n<div id=\"Section1\"  style=\"height: 5px; font-size: 1px;\" >\n\n</div>\n\n<div style=\"width:100%;\"><!-- Section -->\n<div  id=\"Text1\"  style=\"font-size:14px; padding-top: .7em; padding-bottom: .7em;\" >Sleep mode on\n</div>\n<table style=\"width:auto; margin-top: .7em;\"   >\n<tr >\n<td  style=\"vertical-align: middle;\"   >\n<input name=\"btnGo\"  type=\"image\"   src=\"images/go_button2green.gif\"  alt=\"*\"  title=\"Pause/Resume\"  />\n</td>\n<td  style=\"vertical-align: middle;\"   >\n<div  id=\"Text2\"  style=\"vertical-align:middle; font-size:12px; padding-left:3px; margin-right:15px\" >Pause/Resume\n</div>\n</td>\n<td  style=\"vertical-align: middle;\"   >\n<input name=\"btnContinue\"  type=\"image\"   src=\"images/go_button2greencheck.gif\"  alt=\"*\"  title=\"Continue\"  />\n</td>\n<td  style=\"vertical-align: middle;\"   >\n<div  id=\"Text3\"  style=\"vertical-align:middle; font-size:12px; padding-left:3px; margin-right:15px\" >Continue\n</div>\n</td>\n</tr>\n</table>\n\n</div><!-- Section -->\n<div id=\"Section2\"  class=\"hpSection\" >\nSupplies\n</div>\n\n<div style=\"width:100%;\"><!-- Section -->\n<table class=\"hpTable\" style=\"width:100%\"   >\n<tr >\n<td  style=\"vertical-align: bottom; width: 50%\"   >\n<div class=\"hpGasGaugeBlock\">\n<span style=\"font-size:10px;\">\nBlack Cartridge&nbsp;&nbsp;47%<br />\nCC364A\n</span>\n<div class=\"hpGasGaugeBorder\">\n<div style=\"background-color: #000000;width: 47%; height: 15px; margin: 0px 0px 0px 0px;\" ><div style=\"border: solid #000000 1px; height: 80%; \">\n&nbsp;\n</div></div>\n</div>\n</div>\n</td>\n<td  style=\"vertical-align: bottom; width: 50%\"   >\n<div class=\"hpGasGaugeBlock\">\n<span style=\"font-size:10px;\">\nMaintenance Kit&nbsp;&nbsp;64%<br />\n110V-CB388A, 220V-CB389A\n</span>\n<div class=\"hpGasGaugeBorder\">\n<div style=\"background-color: #000000;width: 64%; height: 15px; margin: 0px 0px 0px 0px;\" ><div style=\"border: solid #000000 1px; height: 80%; \">\n&nbsp;\n</div></div>\n</div>\n</div>\n</td>\n</tr>\n</table>\n<div  id=\"Text4\"  class=\"hpPageText\" >\n</div>\n<div  id=\"Text5\"  style=\"text-align: center; padding-top: 5px\" >&nbsp;<a class=\"hpPageLink\" href=\"this.LCDispatcher?nav=hp.Supplies\" ><span  id=\"Text6\"  style=\"\" >Supplies Details</span></a>\n</div>\n\n</div><!-- Section -->\n<div id=\"Section3\"  class=\"hpSection\" >\nMedia\n</div>\n\n<div style=\"width:100%;\"><!-- Section -->\n<table class=\"hpStyledTable\" style=\"width:100%\"  summary=\"This table displays the status of input trays and output bins\"   >\n<tr >\n<th id=\"InOut\"  class=\"hpStyledTableHeader\" style=\"width: 20%\"  >\n<span  id=\"Text7\"  class=\"hpPageText\" >Input/Output</span></th>\n<th id=\"Status\"  class=\"hpStyledTableHeader\" style=\"width: 20%\"  >\n<span  id=\"Text8\"  class=\"hpPageText\" >Status</span></th>\n<th id=\"Capacity\"  class=\"hpStyledTableHeader\" style=\"width: 20%\"  >\n<span  id=\"Text9\"  class=\"hpPageText\" >Capacity</span></th>\n<th id=\"Size\"  class=\"hpStyledTableHeader\" style=\"width: 20%\"  >\n<span  id=\"Text10\"  class=\"hpPageText\" >Size</span></th>\n<th id=\"Type\"  class=\"hpStyledTableHeader\" style=\"width: 20%\"  >\n<span  id=\"Text11\"  class=\"hpPageText\" >Type</span></th>\n</tr>\n<tr >\n<td headers=\"InOut\"    >\n<span  id=\"Text12\"  class=\"hpPageText\" >Tray 1</span></td>\n<td headers=\"Status\"    >\n<img class=\"hpPageImage\" src=\"images/binEMPTY.gif\" alt=\"\" title=\"\" /><span  id=\"Text13\"  class=\"hpPageText\" >&nbsp;&nbsp;Empty</span></td>\n<td headers=\"Capacity\"    >\n<span  id=\"Text14\"  class=\"hpPageText\" >100 Sheets</span></td>\n<td headers=\"Size\"    >\n<span  id=\"Text15\"  class=\"hpPageText\" >ANY SIZE</span></td>\n<td headers=\"Type\"    >\n<span  id=\"Text16\"  class=\"hpPageText\" >ANY TYPE</span></td>\n</tr>\n<tr >\n<td headers=\"InOut\"    >\n<span  id=\"Text17\"  class=\"hpPageText\" >Tray 2</span></td>\n<td headers=\"Status\"    >\n<img class=\"hpPageImage\" src=\"images/binOK.gif\" alt=\"\" title=\"\" /><span  id=\"Text18\"  class=\"hpPageText\" >&nbsp;&nbsp;OK</span></td>\n<td headers=\"Capacity\"    >\n<span  id=\"Text19\"  class=\"hpPageText\" >500 Sheets</span></td>\n<td headers=\"Size\"    >\n<span  id=\"Text20\"  class=\"hpPageText\" >ANY SIZE</span></td>\n<td headers=\"Type\"    >\n<span  id=\"Text21\"  class=\"hpPageText\" >PLAIN</span></td>\n</tr>\n<tr >\n<td headers=\"InOut\"    >\n<span  id=\"Text22\"  class=\"hpPageText\" >STANDARD TOP BIN</span></td>\n<td headers=\"Status\"    >\n<img class=\"hpPageImage\" src=\"images/binOK.gif\" alt=\"\" title=\"\" /><span  id=\"Text23\"  class=\"hpPageText\" >&nbsp;&nbsp;OK</span></td>\n<td headers=\"Capacity\"    >\n<span  id=\"Text24\"  class=\"hpPageText\" >500 Sheets</span></td>\n<td headers=\"Size\"    >\n<span  id=\"Text25\"  class=\"hpPageText\" >N/A</span></td>\n<td headers=\"Type\"    >\n<span  id=\"Text26\"  class=\"hpPageText\" >N/A</span></td>\n</tr>\n</table>\n<div  id=\"Text27\"  style=\"text-align: center; padding-top: 5px\" >&nbsp;<a class=\"hpPageLink\" href=\"this.LCDispatcher?nav=hp.ConfigDevice\" ><span  id=\"Text28\"  style=\"\" >Change Settings</span></a>\n</div>\n\n</div><!-- Section -->\n</form>\n</div><div style=\"width: 500px;font-size: 1px\">&nbsp;</div></td><!-- rightContentPane --><td style=\"background-color:#cccccc; \"><div style='width: 7px'>&nbsp;</div></td></tr></tbody></table></body></html>",
        "headers": {
          "unknown": [
            {
              "value": "Keep-Alive",
              "key": "_onnection"
            }
          ],
          "expires": "Thu, 1 Jan 1980 00:00:01 GMT",
          "server": "HP-ChaiSOE/1.0",
          "content_language": "en",
          "content_type": "text/html; charset=UTF-8",
          "cache_control": "no-cache"
        },
        "status_code": 200,
        "title": "HP LaserJet P4014 Printers",
        "status_line": "200 OK",
        "body_sha256": "6B47kWdyAEpJ+HmYSG7haalJu+47W8djJdZVOeF/Tac=",
        "metadata": {}
      }
    }
  }
}
